Hallmark_pathways	PAAD_NX.34_P3	PAAD_NX.35_P3	PAAD_NX.36_P3	PAAD_NX.37_P4	PAAD_NX.38_P3	PAAD_NX.39_P3	PAAD_NX.40_P3	PAAD_NX.41_P4	KIRC_NX.27_P2	KIRC_NX.27_P3	KIRC_NX.28_P2	KIRC_NX.28_P3	NSCLC_NX.29_P5	NSCLC_NX.30_P3	NSCLC_NX.31_P3	NSCLC_NX.32_P3	NSCLC_NX.33_P3	COAD_NX.03_P3	COAD_NX.04_P7	COAD_NX.04_P8	COAD_NX.04_P9	COAD_NX.04_P10	COAD_NX.04_P11	COAD_NX.04_P13	COAD_NX.05_P3	COAD_NX.06_P3	COAD_NX.07_P3	COAD_NX.08_P3	COAD_NX.09_P3	COAD_NX.10_P3	COAD_NX.11_P3	COAD_NX.12_P3	COAD_NX.13_P3	COAD_NX.14_P3	COAD_NX.15_P3	COAD_NX.16_P3	COAD_NX.17_P5	COAD_NX.17_P6	COAD_NX.17_P7	COAD_NX.18_P3	COAD_NX.19_P2	COAD_NX.19_P4	COAD_NX.20_P2	COAD_NX.20_P3	COAD_NX.21_P5	COAD_NX.22_P3	STAD_NX.42_P5	STAD_NX.42_P6	STAD_NX.42_P7	STAD_NX.42_P8	STAD_NX.43_P3	BRCA_NX.01_P3	BRCA_NX.02_P4	BRCA_NX.02_P5	GBM_NX.24_P3	GBM_NX.24_P4	GBM_NX.24_P5	GBM_NX.24_P6	EWS_NX.23_P3	EWS_NX.23_P4	EWS_NX.23_P5	EWS_NX.23_P6	EWS_NX.23_P7	EWS_NX.23_P8	EWS_NX.23_P9	EWS_NX.23_P10	GIST_NX.25_P3	GIST_NX.25_P4	GIST_NX.25_P5	GIST_NX.26_P3
TNFA_SIGNALING_VIA_NFKB	0.3147	0.36697	0.1649	0.33032	0.27475	0.32128	0.22315	0.24806	0.41261	0.32068	0.16112	0.18336	0.39654	0.01251	0.18944	-0.11899	-0.07417	-0.19019	0.07293	0.04411	0.0186	0.33241	-0.11924	-0.10831	0.07501	-0.11997	-0.34731	-0.01296	-0.24329	-0.35454	-0.24782	-0.03356	0.31534	0.1923	-0.03132	-0.37423	-0.14002	-0.00972	-0.06168	-0.3956	-0.12721	0.09968	-0.40675	0.20343	0.09258	-0.07572	0.09602	-0.03994	0.01524	-0.2418	-0.10919	-0.26235	-0.30127	-0.24786	0.40091	0.29676	0.32291	0.36244	-0.35567	-0.33183	-0.44489	-0.32783	-0.39614	-0.34735	-0.28909	-0.25602	-0.3918	-0.3151	-0.28848	-0.45014
HYPOXIA	0.01528	-0.05973	-0.21383	0.04281	-0.01803	0.23839	0.09326	0.07903	0.49536	0.40035	0.41367	0.43683	0.32665	-0.26811	0.02626	-0.2632	-0.07036	-0.38042	0.16993	0.11615	-0.18802	0.05237	-0.03593	-0.00223	0.0875	-0.22184	-0.33308	-0.18754	-0.20126	-0.41754	-0.28655	-0.06391	-0.13158	0.15737	-0.066	-0.28424	-0.21275	0.13166	0.12065	-0.22957	-0.00349	0.12286	-0.17498	0.26396	0.13504	-0.14048	0.07309	-0.03855	0.17348	-0.10221	-0.24672	-0.19206	-0.02772	-0.04637	-0.01291	0.11585	0.15519	0.22113	-0.24926	-0.07181	-0.29167	-0.03321	-0.09136	-0.07653	-0.05218	-0.06619	-0.29563	-0.16034	-0.1556	-0.36029
MITOTIC_SPINDLE	0.09914	0.24558	0.00603	-0.03932	-0.28915	-0.2606	-0.27403	-0.03058	-0.076	-0.30488	-0.36134	-0.30371	-0.04357	-0.33294	0.20964	0.25675	-0.42704	0.34116	-0.39802	-0.32029	-0.21989	-0.05532	-0.24767	-0.14223	0.05873	0.26506	0.20996	-0.16227	0.3211	-0.02519	-0.07873	0.29766	0.16595	-0.18938	-0.2618	-0.23048	-0.31324	0.29637	0.1171	-0.07649	0.03663	-0.13796	-0.01732	0.04558	-0.32292	-0.38063	-0.23126	0.20109	0.03943	0.06148	0.00864	-0.18881	-0.14526	0.05361	0.30344	0.33321	0.31005	0.25376	0.05446	-0.15204	0.02712	-0.07348	0.08206	0.10336	0.2062	0.16791	0.07571	0.06789	-0.01732	-0.3085
WNT_BETA_CATENIN_SIGNALING	-0.31868	0.16501	-0.20561	-0.22063	-0.38453	-0.24064	0.04172	-0.23437	-0.26309	-0.1545	-0.29678	-0.05688	0.29126	-0.45773	-0.34808	-0.12439	0.01103	0.32563	-0.08079	0.24281	0.09161	0.08657	0.17409	0.38177	0.33339	0.27676	0.33464	0.44778	0.37324	0.15146	0.05666	0.36382	0.0797	0.30743	0.23926	0.08606	0.22621	0.27708	0.34327	0.25254	0.05906	0.21915	-0.06737	0.45341	0.19731	-0.02997	-0.33001	-0.25092	-0.22845	-0.2065	0.18397	0.09895	-0.03263	-0.10042	0.0179	-0.319	-0.2186	-0.08917	-0.20188	-0.46631	-0.26398	-0.09315	-0.28732	-0.33101	-0.20337	-0.16719	-0.01221	-0.1321	-0.00205	-0.01731
TGF_BETA_SIGNALING	0.31702	0.34272	0.10522	0.3122	-0.12909	0.05982	-0.2327	0.31091	-0.15032	-0.15313	-0.16977	-0.21887	0.22601	-0.4439	0.05189	0.08235	-0.40892	-0.16978	-0.15118	-0.30274	-0.13769	0.18744	-0.14011	-0.22286	-0.11346	0.23317	-0.17775	0.17843	-0.00805	-0.35941	-0.05083	0.23435	-0.05119	-0.06127	-0.03221	-0.29457	-0.18041	0.31641	0.28876	-0.37392	-0.16548	0.07695	-0.18575	0.31719	-0.11594	-0.35225	0.03395	0.22403	0.14846	0.14604	-0.08488	-0.35444	-0.22707	-0.00335	0.30363	0.21474	0.31355	0.26534	-0.24517	-0.2216	-0.31356	-0.25043	-0.30094	-0.22807	-0.18793	-0.16908	-0.00493	0.1958	0.14596	-0.30018
IL6_JAK_STAT3_SIGNALING	0.29184	0.26885	0.25219	0.29746	0.23066	0.09012	0.15617	0.32293	0.50929	0.23141	0.32626	0.20639	0.28849	0.28606	0.3501	-0.1171	-0.02205	-0.01573	-0.10239	-0.11903	-0.1372	-0.19854	-0.1649	-0.16057	0.38482	-0.26115	-0.3559	0.04416	-0.06575	-0.29862	-0.03366	0.0477	0.48412	-0.17482	0.10179	-0.18759	-0.17422	-0.3701	-0.34013	-0.32311	0.25393	-0.09067	-0.26407	-0.20854	-0.18708	0.02752	-0.07448	-0.15903	-0.14288	-0.26029	-0.08512	0.0669	-0.30746	-0.29917	0.38009	0.31134	0.14328	0.27644	-0.33912	-0.31196	-0.43539	-0.37255	-0.3566	-0.33	-0.31824	-0.33013	-0.06467	-0.12778	-0.00914	-0.09883
DNA_REPAIR	0.01131	0.01516	-0.06017	-0.2743	0.0362	0.19341	0.17168	-0.37646	-0.12979	0.05924	-0.29228	-0.44752	-0.38966	0.13898	0.27695	-0.2856	0.21595	-0.15895	-0.16389	0.02601	-0.09054	-0.21805	-0.28498	-0.06994	-0.04175	-0.01058	0.06131	-0.28375	-0.15032	0.19362	-0.17602	-0.27151	0.0043	-0.15241	-0.37954	-0.11157	-0.00179	-0.16571	-0.32094	0.20077	-0.28505	0.09853	-0.04034	-0.00895	-0.28749	0.14896	0.26637	0.07923	0.15766	0.1066	-0.18219	-0.28774	-0.31381	-0.09853	-0.13109	0.00029	-0.19588	-0.0849	0.16719	0.41483	0.26855	0.39791	0.3494	0.25413	0.2338	0.21633	-0.1352	-0.18182	-0.25774	-0.13525
G2M_CHECKPOINT	0.10672	0.16614	0.03634	-0.48994	-0.44328	-0.39819	-0.36552	-0.44728	-0.27975	-0.34013	-0.49899	-0.52645	-0.37257	0.2065	0.30247	-0.14422	-0.35933	0.45212	-0.45118	-0.37231	-0.32517	-0.14375	-0.41405	-0.31122	0.13942	0.45816	0.45833	-0.21338	0.31491	0.38699	-0.39345	0.06471	0.44392	-0.48596	-0.39673	0.11982	-0.29031	0.04827	-0.23365	0.22247	0.27185	0.09597	0.25187	-0.21636	-0.45905	-0.42851	0.19506	0.42717	0.25843	0.40133	-0.17005	0.06122	-0.26987	0.14631	-0.0913	0.20904	0.1313	-0.21362	0.50171	0.45159	0.48184	0.38069	0.47597	0.52496	0.47943	0.44446	-0.20308	-0.277	-0.35081	-0.46025
APOPTOSIS	0.10702	0.25332	0.12872	0.01859	0.18965	0.04078	0.02029	0.11533	0.30104	0.19011	0.01076	-0.15945	0.16312	0.02157	0.13678	-0.10565	0.03164	-0.0747	0.10628	0.11965	0.0017	0.23675	0.07959	0.04873	0.16786	0.04191	-0.23821	0.1472	0.06652	-0.27923	-0.16141	-0.03153	0.14203	0.02732	-0.02532	-0.12039	0.04784	-0.00895	0.01149	-0.2593	0.00917	0.07821	-0.23993	0.10781	0.08247	-0.01318	0.13556	0.00198	-0.06784	-0.20761	-0.18195	-0.22686	-0.30929	-0.25379	0.215	0.10323	0.11016	0.16756	-0.21298	-0.13893	-0.27202	-0.15585	-0.17248	-0.18529	-0.25853	-0.28437	-0.31135	-0.20194	-0.22033	-0.3223
NOTCH_SIGNALING	0.17787	0.06606	0.21921	0.16195	0.1572	0.11158	0.10902	0.18703	-0.12678	-0.01261	0.06363	0.09115	0.23151	-0.53957	-0.44451	0.19568	0.06539	0.08491	0.07947	0.33298	0.25106	0.25774	0.28494	0.34667	0.07618	0.04274	-0.25915	0.38314	0.15371	-0.13113	-0.0387	0.02244	-0.3179	0.1504	0.05152	-0.21294	-0.03689	0.17617	0.0607	-0.40004	-0.17392	-0.12663	-0.26475	0.37765	0.24776	0.11018	-0.01023	-0.25604	-0.15205	-0.07425	-0.01962	-0.15718	-0.29702	-0.18905	-0.02679	-0.31132	-0.10397	0.00437	-0.19642	-0.10127	-0.20842	-0.03505	-0.13319	-0.27427	-0.18721	-0.12259	-0.00181	-0.0795	0.04265	-0.02278
ADIPOGENESIS	0.04271	-0.11748	0.07187	-0.07752	0.32588	-0.10994	-0.07845	-0.18117	0.02071	0.20869	0.1181	-0.09949	-0.0851	-0.16686	-0.0623	-0.17639	0.04743	9e-05	0.05494	0.38449	0.14954	0.06699	0.16538	0.25208	0.28343	0.12735	-0.10396	0.16731	-0.06551	-0.04088	-0.24102	-0.28091	-0.33239	-0.18405	0.107	-0.19598	-0.03619	-0.16378	-0.10946	-0.03081	0.00348	-0.03718	0.08769	-0.08493	0.21445	-0.01858	0.21636	2e-04	0.09366	-0.00746	-0.16636	-0.18202	0.08291	0.13902	-0.15592	-0.03654	-0.07599	-0.07131	-0.2296	0.05913	-0.12659	0.08181	-0.03675	-0.07933	-0.15838	-0.09179	-0.28029	-0.22262	-0.23147	-0.32031
ESTROGEN_RESPONSE_EARLY	0.16606	0.21708	0.1236	0.12863	0.11435	0.17449	0.22933	0.26813	0.11858	0.18641	0.08974	0.01331	0.26975	-0.48802	-0.31819	0.08468	0.17202	0.07817	0.25184	0.25722	0.07187	0.21174	0.20721	0.22845	0.32995	0.20356	-0.08209	0.21606	0.20065	-0.07283	0.05165	0.14078	-0.25338	0.23554	0.25582	0.01012	0.01889	0.14683	0.22377	-0.19451	-0.02797	0.09812	-0.11713	0.25815	0.17397	0.16852	-0.15964	-0.20355	-0.12195	-0.20505	-0.17345	-0.13948	0.09188	0.09128	0.0941	-0.10532	0.01527	0.11924	-0.40091	-0.38231	-0.41028	-0.36975	-0.39039	-0.33379	-0.3314	-0.33017	-0.36564	-0.30898	-0.26845	-0.41495
ESTROGEN_RESPONSE_LATE	0.15715	0.18763	0.28525	0.0246	0.23815	0.18904	0.22054	0.17617	-0.00168	0.27578	-0.09873	-0.177	0.23118	-0.39325	-0.37071	0.09852	0.29164	0.04777	0.38043	0.39146	0.22193	0.27249	0.29869	0.3385	0.30382	0.15118	-0.08723	0.28285	0.12325	-0.04995	0.01578	0.07744	-0.18418	0.13588	0.31347	0.0667	0.22301	0.09713	0.16544	-0.0833	0.00214	0.16682	-0.07413	0.22882	0.31078	0.2361	-0.07204	-0.21684	-0.18518	-0.26405	-0.14237	-0.05569	-0.02198	-0.01275	-0.1002	-0.14841	-0.09641	-0.09521	-0.36151	-0.20866	-0.34598	-0.27862	-0.23531	-0.27578	-0.27389	-0.29803	-0.42808	-0.41698	-0.38184	-0.39999
ANDROGEN_RESPONSE	0.13835	0.07782	0.10265	0.18427	0.08883	-0.17693	-0.26613	0.17019	-0.17208	-0.25406	-0.02405	-0.24611	0.2057	-0.21676	0.12867	0.03621	-0.22199	-0.07034	-0.25128	0.11528	0.19589	0.34902	0.14669	0.02612	-0.01344	0.04302	0.10195	0.2659	0.22194	-0.24168	-0.18009	0.08325	-0.08718	-0.26353	-0.07027	0.10768	-0.30883	0.20266	0.07973	0.05311	0.00637	0.2334	-0.10416	0.18338	0.10234	-0.25722	0.0798	0.23994	0.08295	-0.02486	-0.3051	-0.32873	-0.08007	0.17238	0.19542	0.3094	0.38666	0.24531	-0.27541	-0.19398	-0.28643	-0.31796	-0.22055	-0.07991	-0.18778	-0.22658	-0.17962	-0.15013	-0.20527	-0.36598
PROTEIN_SECRETION	0.36062	0.29576	-0.09783	0.44229	0.23383	-0.46201	-0.49842	0.15851	0.22138	-0.31986	0.2424	-0.21823	0.28729	-0.08309	0.30894	-0.08906	-0.4434	-0.06209	-0.3985	0.07835	0.31897	0.42813	0.22862	-0.18005	-0.38989	-0.10723	0.14798	-0.14519	0.29543	-0.29522	-0.07217	-0.16335	-0.32234	-0.47369	-0.29025	0.03952	-0.4594	0.30191	0.01079	0.13844	-0.32357	0.1948	-0.24121	-0.00195	-0.03925	-0.46731	-0.08049	0.22286	-0.09927	-0.23974	-0.29396	-0.07605	0.11868	0.32804	-0.0057	0.50507	0.42845	0.23557	-0.13449	-0.05831	-0.13313	-0.3498	-0.05187	0.09486	-0.20672	-0.2501	0.00442	0.25401	0.07471	-0.31033
INTERFERON_ALPHA_RESPONSE	0.25234	0.35971	0.48375	0.52627	0.55848	-0.27321	-0.27172	0.61293	0.6192	0.24489	0.15491	-0.14999	0.1299	0.5044	0.50332	-0.46089	0.10379	-0.17397	-0.1907	-0.01041	-0.09886	-0.0235	-0.15716	-0.20486	0.12231	-0.28478	-0.32717	0.32169	0.4031	-0.46813	-0.29121	-0.26872	0.64414	-0.26783	-0.14317	-0.26615	-0.01615	-0.30214	-0.39725	-0.32766	0.27019	-0.4212	-0.44706	-0.32403	-0.22113	-0.16996	0.13874	0.25965	0.23444	0.00153	-0.2453	-0.43933	-0.55319	-0.4701	0.51507	0.30889	0.28997	0.46172	-0.35232	-0.21914	-0.41097	-0.29354	-0.30564	-0.34888	-0.37639	-0.40404	-0.51903	-0.44706	-0.38663	-0.02461
INTERFERON_GAMMA_RESPONSE	0.30353	0.3832	0.41764	0.39835	0.34599	-0.05897	-0.10405	0.43608	0.64267	0.34875	0.19104	0.04605	0.27411	0.54643	0.36562	-0.39649	-0.04875	-0.13944	-0.08256	-0.04424	-0.06368	-0.01395	-0.13134	-0.17112	0.29363	-0.32477	-0.37016	0.02799	0.19177	-0.44725	-0.28855	-0.12533	0.65824	-0.29745	-0.19333	-0.30488	-0.04051	-0.25277	-0.33374	-0.35773	0.32586	-0.27249	-0.39108	-0.24289	-0.20082	-0.17804	0.06592	0.01631	0.01458	-0.23639	-0.3285	-0.27735	-0.46971	-0.38176	0.48306	0.31802	0.29153	0.40061	-0.40389	-0.26405	-0.43062	-0.34993	-0.3512	-0.34827	-0.3913	-0.38973	-0.32115	-0.26161	-0.14838	0.01301
APICAL_JUNCTION	0.09073	0.29551	-0.16736	0.18308	0.07795	0.2069	0.26791	0.10481	0.15731	0.13954	0.01315	0.04312	0.27834	-0.33644	0.0179	0.04825	0.12801	-0.09912	0.06356	-0.04843	-0.21713	-0.26196	-0.10321	0.01347	0.29143	-0.05171	-0.2825	0.02733	0.04291	-0.19584	0.06519	0.13047	-0.07615	0.13965	-0.12315	-0.1987	0.0369	-0.22206	-0.10136	-0.34818	-0.05685	-0.13867	-0.23036	0.12351	-0.12921	0.02126	-0.1962	-0.3045	-0.14782	-0.27531	0.09548	0.12531	-0.07512	-0.22365	0.31513	0.15351	0.10551	0.31187	-0.17072	-0.21608	-0.25476	-0.1778	-0.20653	-0.26869	-0.12482	-0.05906	0.09635	-0.01113	0.10102	0.01855
APICAL_SURFACE	0.32482	0.40636	0.06568	0.16763	-0.04059	0.33513	0.30423	0.05137	0.1624	0.12633	0.09181	0.12039	0.45111	-0.35134	-0.29569	0.12713	0.19829	0.03001	0.32656	-0.09943	-0.28336	-0.26986	-0.1371	-0.06776	0.39024	0.05972	-0.14181	0.17808	-0.00529	0.03334	0.08811	0.09782	-0.15338	0.19761	-0.19356	-0.05074	0.1514	-0.23085	-0.08574	-0.24152	0.11535	0.11819	0.04587	0.10287	-0.21589	0.12151	-0.13439	-0.13748	-0.17529	-0.20474	0.25135	-0.04405	-0.08653	-0.2982	-0.10087	-0.27493	-0.16735	-0.04103	-0.09751	-0.19324	-0.08982	-0.31924	-0.24975	-0.27063	-0.16585	-0.19962	-0.05483	-0.07743	-0.01082	-0.11839
HEDGEHOG_SIGNALING	-0.19938	0.32868	-0.26022	-0.05371	-0.24763	0.01915	0.0358	0.013	0.18768	0.20862	0.12362	0.2977	0.31404	-0.33481	-0.26699	0.13173	-0.10244	-0.04959	-0.0529	-0.24403	-0.14499	0.08362	-0.05438	-0.09907	0.26573	-0.29198	-0.35884	-0.00311	-0.17856	-0.30326	-0.11036	0.05564	0.08784	0.26044	-0.21162	0.05153	-0.14864	-0.03218	-0.15125	-0.33177	0.36416	0.21826	0.08319	0.49091	-0.11692	-0.13405	-0.26973	-0.31057	-0.22697	-0.34634	-0.21546	-0.12741	0.06808	0.0261	0.17863	0.09158	0.25691	0.21987	-0.15647	-0.15955	-0.1	-0.19032	-0.12351	-0.0781	-0.02635	-0.08378	0.18114	0.2567	0.35075	-0.03854
COMPLEMENT	0.13924	0.26541	0.22108	0.27325	0.35142	0.11876	0.08413	0.27171	0.33242	0.21383	0.17104	0.03484	0.26543	0.09224	0.18886	0.00138	0.09542	-0.2773	0.11456	0.0147	-0.12087	0.07442	-0.03974	-0.05177	0.28489	-0.15454	-0.19365	0.04162	-0.02604	-0.30711	0.01215	0.09723	0.24899	-0.08309	0.04064	-0.06381	0.00628	-0.07482	-0.01055	-0.27067	0.16937	0.147	-0.05584	0.15139	-0.07522	-0.04188	0.08137	-0.09916	-0.02106	-0.19473	-0.17091	-0.17081	-0.22248	-0.22127	0.18876	0.23692	0.16286	0.188	-0.35549	-0.25232	-0.39227	-0.32147	-0.35966	-0.31114	-0.3247	-0.33686	-0.17072	-0.17414	-0.11218	-0.12693
UNFOLDED_PROTEIN_RESPONSE	0.05845	0.18523	-0.31073	-0.1162	-0.00887	-0.06987	-0.27475	-0.33478	-0.16569	-0.1569	-0.12452	-0.37816	-0.24697	0.3544	0.15417	-0.37161	-0.11984	0.15927	-0.29354	-0.05616	-0.07652	0.16116	-0.10244	0.00744	0.1013	0.0506	0.06391	-0.03954	0.02814	0.14987	-0.27957	-0.15797	0.12712	-0.22287	-0.45182	0.08169	-0.10221	0.0055	-0.15224	-0.06307	-0.05896	0.27159	-0.05642	0.15136	-0.07532	-0.13704	0.37482	0.3445	0.32098	0.28903	-0.21119	-0.1514	0.1418	0.2635	-0.08857	0.09894	-0.01857	-0.11517	-0.13782	0.17727	-0.11956	-0.0749	0.04936	0.08888	-0.05087	-0.04557	-0.12136	-0.07727	-0.11654	-0.33095
PI3K_AKT_MTOR_SIGNALING	0.18534	0.27879	-0.03176	-0.12348	0.07029	-0.06817	-0.12218	-0.34114	0.15281	0.00782	-0.16987	-0.23338	0.06702	0.02855	0.3126	-0.2017	-0.06211	0.16875	-0.11757	0.0422	-0.07324	0.0066	0.04173	0.07834	0.15367	0.22699	0.05324	-0.04789	0.02889	0.02626	-0.17282	0.28383	0.30359	-0.19684	-0.12754	-0.15119	-0.0232	0.10824	0.12443	0.00807	-0.15225	0.19442	-0.17226	0.28253	0.05614	-0.16247	-0.03209	-0.00146	0.08679	0.0187	-0.20091	-0.31754	-0.10391	-0.05235	0.33694	0.13746	0.16968	0.17041	-0.28505	-0.22426	-0.36627	-0.29827	-0.31248	-0.26421	-0.26713	-0.24236	-0.07103	-0.15861	-0.08643	-0.26159
MTORC1_SIGNALING	0.14002	0.20826	-0.24181	-0.09675	0.04856	-0.22647	-0.3341	-0.31997	-0.0486	-0.16402	-0.07914	-0.3311	0.04839	0.18368	0.253	-0.26906	-0.17276	0.16004	-0.23196	0.1225	0.05095	0.23886	-0.07793	0.05231	0.14281	0.08237	0.10959	0.00155	-0.02073	0.08983	-0.38749	-0.06683	0.13424	-0.32997	-0.36007	0.1049	-0.18578	0.13501	-0.00445	0.16462	0.13225	0.38651	0.08192	0.23296	0.01269	-0.15681	0.13343	0.16701	0.12347	0.08778	-0.45179	-0.25242	0.01632	0.27006	-0.08843	0.23279	0.14892	-0.01769	-0.0822	0.18256	-0.08298	0.00916	0.19193	0.25004	0.04467	0.04924	-0.38054	-0.38899	-0.42046	-0.50203
E2F_TARGETS	0.0948	0.09061	0.15267	-0.53531	-0.414	-0.36241	-0.3196	-0.5663	-0.3594	-0.36105	-0.46362	-0.53399	-0.49333	0.31011	0.25894	-0.2281	-0.24441	0.39896	-0.42309	-0.2877	-0.33469	-0.21009	-0.47673	-0.27737	-0.03802	0.34741	0.47453	-0.2761	0.07248	0.43028	-0.36176	0.04892	0.49122	-0.51729	-0.4554	0.10526	-0.23413	0.11912	-0.29301	0.32035	0.18651	0.11619	0.24891	-0.32538	-0.48826	-0.34278	0.2787	0.42574	0.23817	0.3457	-0.20541	-0.03507	-0.36946	0.12482	-0.1529	0.18737	0.06081	-0.21134	0.50525	0.56719	0.53927	0.51958	0.55392	0.56779	0.54471	0.50319	-0.25792	-0.36821	-0.42688	-0.41541
MYC_TARGETS_V1	0.10358	0.06903	-0.21181	-0.48176	-0.20524	-0.06147	-0.26951	-0.46176	-0.54434	-0.37276	-0.42156	-0.64871	-0.35758	0.37407	0.35549	-0.41432	0.20591	0.12402	-0.17722	0.27433	0.3125	0.28088	-0.00274	0.18529	0.10475	0.24785	0.42935	-0.03809	0.0352	0.56715	-0.47342	-0.22609	0.17415	-0.36391	-0.48386	0.30566	0.02773	0.15235	-0.14734	0.4167	0.18966	0.47985	0.30913	0.07494	-0.12417	-0.0698	0.30308	0.24095	0.04722	0.06114	-0.40302	-0.18529	-0.35079	0.21379	-0.25561	0.20576	-0.0501	-0.32648	0.22035	0.49795	0.2782	0.31288	0.40898	0.35308	0.25068	0.22278	-0.46312	-0.44767	-0.49867	-0.4576
MYC_TARGETS_V2	0.03219	0.27094	-0.4342	-0.55405	-0.31905	0.20572	0.06751	-0.49679	-0.46257	-0.21818	-0.43594	-0.50324	-0.58617	0.04768	0.1925	-0.3609	0.45279	0.46327	-0.20913	0.29247	-0.06097	-0.14431	0.07041	0.43042	0.58599	0.26447	0.40502	-0.08328	0.03681	0.67295	-0.38181	0.2271	0.04583	0.2106	-0.4674	0.15534	0.16278	0.00081	0.09749	0.37712	0.47469	0.19183	0.48961	0.13706	0.23192	0.11536	0.10288	-0.20603	0.15295	0.33582	0.19856	-0.18083	-0.26196	-0.11447	-0.20398	-0.23342	-0.4386	-0.29649	-0.25008	0.16703	0.02969	0.28568	0.23454	0.05666	0.28704	0.27836	-0.47673	-0.59937	-0.53404	-0.44667
EPITHELIAL_MESENCHYMAL_TRANSITION	0.04995	0.30013	-0.29464	0.24952	-0.16002	0.32852	0.31812	0.0428	0.48504	0.44251	0.47565	0.39817	0.36969	-0.42611	0.12432	-0.05836	-0.09081	-0.42302	0.23872	-0.32338	-0.36055	-0.26071	-0.31336	-0.34437	0.36381	-0.45295	-0.48066	-0.12803	-0.112	-0.52211	-0.3245	-0.11112	-0.35492	0.04583	-0.18624	-0.33904	-0.09301	-0.31171	-0.2482	-0.515	0.1246	-0.09985	-0.31389	-0.13613	-0.34559	-0.1345	-0.14409	-0.34968	-0.30506	-0.42674	-0.25758	0.2247	-0.20964	-0.18764	0.13958	0.27879	0.23004	0.2374	0.03008	0.13847	-0.07476	0.05343	-0.02209	-0.01727	-0.02845	-0.02957	0.30399	0.31655	0.36985	0.27999
INFLAMMATORY_RESPONSE	0.25777	0.4189	0.21344	0.18891	0.22274	0.11726	0.1877	0.27915	0.41797	0.29622	0.22219	0.22766	0.39184	0.23725	0.17023	-0.11586	-0.05791	-0.08384	0.25202	-0.00487	-0.04117	0.03174	0.03227	-0.01047	0.28205	-0.14893	-0.33082	0.10685	-0.12205	-0.32838	-0.10663	0.24085	0.27995	-0.08988	0.07781	-0.18861	-0.15074	-0.19307	-0.19496	-0.26396	0.27341	-0.06323	-0.2863	0.06094	-0.02391	0.01451	0.00146	-0.08406	-0.06796	-0.25517	-0.19741	-0.02805	-0.27291	-0.25906	0.36226	0.26224	0.24505	0.31276	-0.36627	-0.28186	-0.43314	-0.36997	-0.3737	-0.32557	-0.2629	-0.32769	-0.22358	-0.18375	-0.1553	-0.25105
XENOBIOTIC_METABOLISM	0.05031	-0.10982	0.06414	0.15439	0.38748	0.08538	0.02216	0.16225	0.12375	0.19607	0.17973	0.04076	-0.0092	-0.30134	-0.09023	0.02877	0.27544	-0.0828	0.10597	0.37904	0.13556	0.1639	0.20998	0.36583	0.21807	-0.12378	-0.0773	0.12953	-0.17398	-0.27409	-0.06359	-0.07062	-0.19388	0.00969	0.24143	0.07727	0.056	-0.02888	0.00164	-0.07912	0.19864	0.12231	0.16859	0.12508	0.30739	0.0094	0.14509	-0.02276	0.07915	-0.02995	-0.15206	-0.30903	0.00842	-0.16396	-0.15215	-0.025	-0.13992	-0.08189	-0.29196	-0.11536	-0.3157	-0.20593	-0.18147	-0.22857	-0.24688	-0.20833	-0.31628	-0.25923	-0.24581	-0.17699
FATTY_ACID_METABOLISM	0.08871	-0.29744	0.17366	-0.0411	0.40729	-0.12095	-0.20237	-0.05503	-0.15061	0.15632	0.02837	-0.24784	-0.08345	-0.08444	-0.04481	-0.08631	0.17067	-0.18484	0.18958	0.48841	0.3971	0.32689	0.37816	0.40959	0.12174	0.12084	-0.02422	0.1877	-0.04997	-0.00296	-0.24094	-0.23738	-0.3507	-0.24272	0.21533	-0.06442	0.09263	0.06712	0.04473	0.16287	-0.01266	0.06232	0.12926	-0.08167	0.3659	-0.00477	0.25849	0.02425	0.13917	0.01266	-0.31107	-0.31919	-0.07473	-0.02635	-0.31495	-0.13667	-0.18055	-0.28401	-0.20711	0.1522	-0.13095	-0.04816	0.03777	-0.0476	-0.21988	-0.13553	-0.37455	-0.3211	-0.34156	-0.32179
OXIDATIVE_PHOSPHORYLATION	0.08392	-0.28711	0.13273	-0.39395	0.52946	0.19466	0.14619	-0.42955	-0.37342	0.22028	-0.3062	-0.53937	-0.33506	0.39306	0.06242	-0.38115	0.45186	-0.24903	0.30612	0.56766	0.37435	0.18076	0.35641	0.4322	0.07967	-0.01954	-0.02094	0.17866	-0.32532	0.28629	-0.38417	-0.49421	-0.28353	-0.31525	0.13464	-0.26068	0.31423	-0.24744	-0.33929	0.0828	-0.17767	0.13758	0.10303	-0.25679	0.38368	0.25098	0.43879	-0.04204	0.09722	0.03993	-0.36681	-0.34959	-0.29697	-0.08523	-0.36859	-0.02099	-0.22979	-0.1794	-0.30169	0.44347	-0.11367	0.33339	0.25134	-0.04217	-0.17925	0.03369	-0.47231	-0.41074	-0.43982	-0.31086
GLYCOLYSIS	0.04003	0.0086	-0.09408	-0.02445	0.20215	0.11077	-0.02527	-0.12163	0.34588	0.35502	0.12284	0.02997	0.10107	-0.26753	-0.03805	-0.20039	0.09887	0.06039	0.07454	0.18721	-0.06595	0.00782	0.06709	0.16719	0.22165	-0.1254	-0.19572	-0.05778	-0.10552	-0.13867	-0.24742	-0.15552	-0.32185	-0.04874	-0.12455	-0.18811	0.05546	-0.01108	0.01619	-0.10599	-0.15833	0.08627	-0.1559	0.14894	0.11305	0.15872	0.19136	0.03408	0.24022	0.10947	-0.33331	-0.08089	-0.08924	-0.04601	-0.08669	0.05259	-0.0244	0.02574	-0.19932	-0.00868	-0.20923	-0.07921	-0.14996	-0.15294	-0.1692	-0.11024	-0.31031	-0.23331	-0.22005	-0.33145
REACTIVE_OXIGEN_SPECIES_PATHWAY	0.18555	-0.02026	0.12319	0.13726	0.54082	-0.01692	0.10197	-0.02403	0.33552	0.38052	-0.10626	-0.32401	0.04631	-0.00909	0.13666	-0.2927	0.36181	-0.06177	0.22456	0.15549	-0.15493	-0.18814	-0.02273	0.18424	0.23149	-0.06587	-0.09041	-0.01531	-0.23845	-0.11615	-0.35348	-0.32161	0.03143	-0.05716	0.14126	-0.20287	0.30087	-0.43166	-0.36171	-0.22284	-0.2142	0.03966	-0.29242	0.11477	0.11145	0.37213	0.21269	-0.20228	0.13143	0.1816	-0.27606	0.01502	-0.13403	-0.1849	0.31643	0.08573	-0.01802	0.24413	-0.43063	-0.0694	-0.41575	-0.02913	-0.31277	-0.36688	-0.41906	-0.32097	-0.34115	-0.33229	-0.39629	-0.30093
P53_PATHWAY	0.02393	0.24186	0.07021	0.06619	0.18371	0.25751	0.1946	0.06947	0.23843	0.17176	-0.04786	-0.12393	0.25226	-0.13365	-0.16514	0.02094	0.06465	-0.2028	0.17053	0.36471	0.19513	0.21908	0.28677	0.2871	0.12221	0.06285	-0.16918	0.0603	-0.07873	-0.16323	-0.06628	-0.22301	-0.0086	0.12228	0.20534	-0.20089	-0.06369	-0.04665	-0.02734	-0.06363	-0.21822	0.26419	-0.25346	0.35707	0.35866	0.04833	0.01999	-0.10387	-0.01509	-0.15598	-0.1555	-0.35356	-0.18073	-0.19382	0.12468	-0.04941	-0.07182	0.07798	-0.29597	-0.23658	-0.34342	-0.18427	-0.28232	-0.30571	-0.26986	-0.27076	-0.31928	-0.32516	-0.30652	-0.37858
ANGIOGENESIS	0.0781	0.30094	-0.22023	0.00208	0.25506	0.27919	0.2839	0.1173	0.12008	0.36118	0.48512	0.38052	0.3618	-0.44477	-0.01827	0.25303	-0.10664	-0.34387	0.18949	-0.23178	-0.25957	-0.04199	-0.0745	-0.1414	0.43283	-0.28997	-0.41975	0.05953	-0.21754	-0.46556	0.08896	0.09103	-0.29939	-0.0191	-0.1206	-0.11775	0.08962	-0.25203	-0.13496	-0.30451	0.04658	-0.29138	-0.13095	-0.05345	-0.25656	0.21292	0.26498	-0.13745	-0.01492	-0.1818	-0.05385	-0.14991	0.01234	-0.20542	-0.08239	0.11615	0.02869	-0.01336	-0.3272	-0.10618	-0.30995	-0.08066	-0.12936	-0.15681	-0.18178	-0.26996	0.23083	0.28594	0.331	0.01435
COAGULATION	0.06731	0.22673	-0.05983	0.30665	0.47773	0.28679	0.2732	0.27517	0.32255	0.35521	0.36777	0.31543	0.32225	-0.36898	0.00075	0.14935	0.26281	-0.40404	0.28035	0.12663	-0.1657	-0.06793	-0.04798	-0.00393	0.24975	-0.33269	-0.32015	-0.00432	-0.13302	-0.31484	0.22797	-0.06564	-0.31249	0.11192	0.08621	-0.13781	0.17354	-0.27326	-0.14293	-0.39661	0.20753	0.1413	0.1045	0.11806	-0.00749	0.23204	0.15127	-0.22381	-0.05028	-0.24675	-0.07216	-0.2736	0.0365	-0.27005	0.01509	0.28771	0.10872	0.14712	-0.38068	-0.20435	-0.42568	-0.2768	-0.33439	-0.34524	-0.38211	-0.37789	-0.08882	-0.04397	0.04127	0.04801
IL2_STAT5_SIGNALING	0.11865	0.2161	-0.11782	0.06303	0.08962	0.12898	0.02937	0.18497	0.26375	0.17049	0.04454	-0.00125	0.2459	0.07759	0.004	-0.00871	0.05113	-0.08562	0.11215	-0.08018	-0.11332	0.04125	-0.04145	0.00678	0.30051	-0.16775	-0.21657	0.03195	-0.03959	-0.1874	-0.12023	0.21467	0.29494	0.06458	-0.04091	-0.2006	0.04248	0.11559	0.09177	-0.23296	0.17604	0.01913	-0.19541	0.12657	-0.03544	0.05456	0.05717	-0.06323	-0.02915	-0.08087	-0.2422	-0.06454	-0.23384	-0.21391	0.20839	0.08762	0.11178	0.14788	-0.29859	-0.2803	-0.35968	-0.31041	-0.29999	-0.26927	-0.30814	-0.29231	-0.11705	-0.10638	-0.03596	-0.09314
PEROXISOME	0.21194	-0.25271	0.13843	0.19485	0.23307	-0.07386	-0.11738	0.15755	-0.07759	0.03313	0.10141	-0.20887	0.0029	-0.17335	-0.13753	-0.0222	0.11093	-0.18371	0.1589	0.33921	0.24059	0.28521	0.3188	0.33223	-0.00822	0.13261	0.04293	0.21935	0.09746	-0.02802	-0.16401	-0.19632	-0.13877	-0.17773	0.11517	-0.02668	0.06793	0.06812	0.02466	0.09735	-0.07303	0.09036	0.1068	0.01138	0.29872	-0.00114	0.15233	0.00124	0.043	-0.05766	-0.16193	-0.26066	0.02188	0.06814	-0.05724	-0.03147	-0.08895	-0.03541	-0.24704	-0.05362	-0.14865	-0.09039	-0.0723	-0.10782	-0.17506	-0.21321	-0.32259	-0.33279	-0.34231	-0.3171
ALLOGRAFT_REJECTION	0.12612	0.26106	0.04116	0.02666	0.00995	0.08249	0.08369	0.22383	0.52574	0.26713	0.03031	0.00061	0.11386	0.53021	0.09604	-0.08135	0.08463	-0.18588	0.23293	-0.04556	0.0292	0.00669	-0.00249	-0.0744	0.39858	-0.29763	-0.23612	0.05696	-0.04074	-0.04151	0.06862	0.20409	0.57198	-0.08141	-0.05164	-0.12155	-0.03539	-0.11053	-0.17805	-0.17815	0.44757	0.09645	-0.21968	0.01365	-0.04234	0.14711	-0.02067	-0.15282	-0.22612	-0.3076	-0.22375	-0.0122	-0.32438	-0.3377	0.35763	0.07258	0.11008	0.05848	-0.25689	-0.18952	-0.31625	-0.30787	-0.28267	-0.28792	-0.30658	-0.2845	-0.10645	-0.14146	-0.11534	-0.02226
CHOLESTEROL_HOMEOSTASIS	NA	NA	NA	NA	NA	NA	NA	NA	NA	NA	NA	NA	NA	NA	NA	NA	NA	NA	NA	NA	NA	NA	NA	NA	NA	NA	NA	NA	NA	NA	NA	NA	NA	NA	NA	NA	NA	NA	NA	NA	NA	NA	NA	NA	NA	NA	NA	NA	NA	NA	NA	NA	NA	NA	NA	NA	NA	NA	NA	NA	NA	NA	NA	NA	NA	NA	NA	NA	NA	NA
MYOGENESIS	NA	NA	NA	NA	NA	NA	NA	NA	NA	NA	NA	NA	NA	NA	NA	NA	NA	NA	NA	NA	NA	NA	NA	NA	NA	NA	NA	NA	NA	NA	NA	NA	NA	NA	NA	NA	NA	NA	NA	NA	NA	NA	NA	NA	NA	NA	NA	NA	NA	NA	NA	NA	NA	NA	NA	NA	NA	NA	NA	NA	NA	NA	NA	NA	NA	NA	NA	NA	NA	NA
UV_RESPONSE_UP	NA	NA	NA	NA	NA	NA	NA	NA	NA	NA	NA	NA	NA	NA	NA	NA	NA	NA	NA	NA	NA	NA	NA	NA	NA	NA	NA	NA	NA	NA	NA	NA	NA	NA	NA	NA	NA	NA	NA	NA	NA	NA	NA	NA	NA	NA	NA	NA	NA	NA	NA	NA	NA	NA	NA	NA	NA	NA	NA	NA	NA	NA	NA	NA	NA	NA	NA	NA	NA	NA
UV_RESPONSE_DN	NA	NA	NA	NA	NA	NA	NA	NA	NA	NA	NA	NA	NA	NA	NA	NA	NA	NA	NA	NA	NA	NA	NA	NA	NA	NA	NA	NA	NA	NA	NA	NA	NA	NA	NA	NA	NA	NA	NA	NA	NA	NA	NA	NA	NA	NA	NA	NA	NA	NA	NA	NA	NA	NA	NA	NA	NA	NA	NA	NA	NA	NA	NA	NA	NA	NA	NA	NA	NA	NA
HEME_METABOLISM	NA	NA	NA	NA	NA	NA	NA	NA	NA	NA	NA	NA	NA	NA	NA	NA	NA	NA	NA	NA	NA	NA	NA	NA	NA	NA	NA	NA	NA	NA	NA	NA	NA	NA	NA	NA	NA	NA	NA	NA	NA	NA	NA	NA	NA	NA	NA	NA	NA	NA	NA	NA	NA	NA	NA	NA	NA	NA	NA	NA	NA	NA	NA	NA	NA	NA	NA	NA	NA	NA
BILE_ACID_METABOLISM	NA	NA	NA	NA	NA	NA	NA	NA	NA	NA	NA	NA	NA	NA	NA	NA	NA	NA	NA	NA	NA	NA	NA	NA	NA	NA	NA	NA	NA	NA	NA	NA	NA	NA	NA	NA	NA	NA	NA	NA	NA	NA	NA	NA	NA	NA	NA	NA	NA	NA	NA	NA	NA	NA	NA	NA	NA	NA	NA	NA	NA	NA	NA	NA	NA	NA	NA	NA	NA	NA
SPERMATOGENESIS	NA	NA	NA	NA	NA	NA	NA	NA	NA	NA	NA	NA	NA	NA	NA	NA	NA	NA	NA	NA	NA	NA	NA	NA	NA	NA	NA	NA	NA	NA	NA	NA	NA	NA	NA	NA	NA	NA	NA	NA	NA	NA	NA	NA	NA	NA	NA	NA	NA	NA	NA	NA	NA	NA	NA	NA	NA	NA	NA	NA	NA	NA	NA	NA	NA	NA	NA	NA	NA	NA
PANCREAS_BETA_CELLS	NA	NA	NA	NA	NA	NA	NA	NA	NA	NA	NA	NA	NA	NA	NA	NA	NA	NA	NA	NA	NA	NA	NA	NA	NA	NA	NA	NA	NA	NA	NA	NA	NA	NA	NA	NA	NA	NA	NA	NA	NA	NA	NA	NA	NA	NA	NA	NA	NA	NA	NA	NA	NA	NA	NA	NA	NA	NA	NA	NA	NA	NA	NA	NA	NA	NA	NA	NA	NA	NA
KRAS_SIGNALING_UP	NA	NA	NA	NA	NA	NA	NA	NA	NA	NA	NA	NA	NA	NA	NA	NA	NA	NA	NA	NA	NA	NA	NA	NA	NA	NA	NA	NA	NA	NA	NA	NA	NA	NA	NA	NA	NA	NA	NA	NA	NA	NA	NA	NA	NA	NA	NA	NA	NA	NA	NA	NA	NA	NA	NA	NA	NA	NA	NA	NA	NA	NA	NA	NA	NA	NA	NA	NA	NA	NA
KRAS_SIGNALING_DN	NA	NA	NA	NA	NA	NA	NA	NA	NA	NA	NA	NA	NA	NA	NA	NA	NA	NA	NA	NA	NA	NA	NA	NA	NA	NA	NA	NA	NA	NA	NA	NA	NA	NA	NA	NA	NA	NA	NA	NA	NA	NA	NA	NA	NA	NA	NA	NA	NA	NA	NA	NA	NA	NA	NA	NA	NA	NA	NA	NA	NA	NA	NA	NA	NA	NA	NA	NA	NA	NA
